1	"1,1,1-TRICHLOROETHANE"				
2	"1,1,2-TRICHLOROETHANE"				
3	"1,2,4-TRIMETHYLBENZENE"				
4	"1,2-DIBROMOETHANE"				
5	"1,2-DICHLOROETHANE"				
6	"1,2-ETHANEDIOL"				
7	"1,4-DIOXANE"				
8	1-BROMO-2-METHYLPROPANE				
9	1-BROMOOCTANE				
10	1-BROMOPENTANE				
11	1-BROMOPROPANE				
12	1-BUTANOL				
13	1-CHLOROHEXANE				
14	1-CHLOROPENTANE				
15	1-CHLOROPROPANE				
16	1-DECANOL				
17	1-FLUOROOCTANE				
18	1-HEPTANOL				
19	1-HEXANOL				
20	1-HEXENE				
21	1-HEXYNE				
22	1-IODOBUTANE				
23	1-IODOHEXADECANE				
24	1-IODOPENTANE				
25	1-IODOPROPANE				
26	1-NITROPROPANE				
27	1-NONANOL				
28	1-OCTANOL				
29	1-PENTANOL				
30	1-PENTENE				
31	1-PROPANOL				
32	"2,2,2-TRIFLUOROETHANOL"				
33	"2,2,4-TRIMETHYLPENTANE"				
34	"2,4-DIMETHYLPENTANE"				
35	"2,4-DIMETHYLPYRIDINE"				
36	"2,6-DIMETHYLPYRIDINE"				
37	2-BROMOPROPANE				
38	2-BUTANOL				
39	2-CHLOROBUTANE				
40	2-HEPTANONE				
41	2-HEXANONE				
42	2-METHOXYETHANOL				
43	2-METHYL-1-PROPANOL				
44	2-METHYL-2-PROPANOL				
45	2-METHYLPENTANE				
46	2-METHYLPYRIDINE				
47	2-NITROPROPANE				
48	2-OCTANONE				
49	2-PENTANONE				
50	2-PROPANOL				
51	2-PROPEN-1-OL				
52	E-2-PENTENE				
53	3-METHYLPYRIDINE				
54	3-PENTANONE				
55	4-HEPTANONE				
56	4-METHYL-2-PENTANONE				
57	4-METHYLPYRIDINE				
58	5-NONANONE				
59	ACETIC ACID				
60	ACETONE				
61	ACETONITRILE	MeCN			
62	ACETOPHENONE				
63	ANILINE				
64	ANISOLE				
65	BENZALDEHYDE				
66	BENZENE				
67	BENZONITRILE				
68	BENZYL ALCOHOL				
69	BROMOBENZENE				
70	BROMOETHANE				
71	BROMOFORM				
72	BUTANAL				
73	BUTANOIC ACID				
74	BUTANONE				
75	BUTANONITRILE				
76	BUTYL ETHANOATE				
77	BUTYLAMINE				
78	N-BUTYLBENZENE				
79	SEC-BUTYLBENZENE				
80	TERT-BUTYLBENZENE				
81	CARBON DISULFIDE				
82	CARBON TETRACHLORIDE	CCl4			
83	CHLOROBENZENE				
84	CHLOROFORM				
85	A-CHLOROTOLUENE				
86	O-CHLOROTOLUENE				
87	M-CRESOL				
88	O-CRESOL				
89	CYCLOHEXANE				
90	CYCLOHEXANONE				
91	CYCLOPENTANE				
92	CYCLOPENTANOL				
93	CYCLOPENTANONE				
94	DECALIN (CIS/TRANS MIXTURE)				
95	CIS-DECALIN				
96	N-DECANE				
97	DIBROMOMETHANE				
98	DIBUTYLETHER				
99	O-DICHLOROBENZENE				
100	"E-1,2-DICHLOROETHENE"				
101	"Z-1,2-DICHLOROETHENE"				
102	DICHLOROMETHANE				
103	DIETHYL ETHER				
104	DIETHYL SULFIDE				
105	DIETHYLAMINE				
106	DIIODOMETHANE				
107	DIISOPROPYL ETHER				
108	"CIS-1,2-DIMETHYLCYCLOHEXANE"				
109	DIMETHYL DISULFIDE				
110	"N,N-DIMETHYLACETAMIDE"				
111	"N,N-DIMETHYLFORMAMIDE"	DMF			
112	DIMETHYLSULFOXIDE	DMSO			
113	DIPHENYLETHER				
114	DIPROPYLAMINE				
115	N-DODECANE				
116	ETHANETHIOL				
117	ETHANOL				
118	ETHYL ETHANOATE				
119	ETHYL METHANOATE				
120	ETHYL PHENYL ETHER				
121	ETHYLBENZENE				
122	FLUOROBENZENE				
123	FORMAMIDE				
124	FORMIC ACID				
125	N-HEPTANE				
126	N-HEXADECANE				
127	N-HEXANE				
128	HEXANOIC ACID				
129	IODOBENZENE				
130	IODOETHANE				
131	IODOMETHANE				
132	ISOPROPYLBENZENE				
133	P-ISOPROPYLTOLUENE				
134	MESITYLENE				
135	METHANOL				
136	METHYL BENZOATE				
137	METHYL BUTANOATE				
138	METHYL ETHANOATE				
139	METHYL METHANOATE				
140	METHYL PROPANOATE				
141	N-METHYLANILINE				
142	METHYLCYCLOHEXANE				
143	N-METHYLFORMAMIDE (E/Z MIXTURE)				
144	NITROBENZENE	PhNO2			
145	NITROETHANE				
146	NITROMETHANE	MeNO2			
147	O-NITROTOLUENE				
148	N-NONANE				
149	N-OCTANE				
150	N-PENTADECANE				
151	PENTANAL				
152	N-PENTANE				
153	PENTANOIC ACID				
154	PENTYL ETHANOATE				
155	PENTYLAMINE				
156	PERFLUOROBENZENE				
157	PROPANAL				
158	PROPANOIC ACID				
159	PROPANONITRILE				
160	PROPYL ETHANOATE				
161	PROPYLAMINE				
162	PYRIDINE				
163	TETRACHLOROETHENE				
164	TETRAHYDROFURAN	THF			
165	"TETRAHYDROTHIOPHENE-S,S-DIOXIDE"				
166	TETRALIN				
167	THIOPHENE				
168	THIOPHENOL				
169	TOLUENE				
170	TRANS-DECALIN				
171	TRIBUTYLPHOSPHATE				
172	TRICHLOROETHENE				
173	TRIETHYLAMINE				
174	N-UNDECANE				
175	WATER				
176	XYLENE (MIXTURE)				
177	M-XYLENE				
178	O-XYLENE				
179	P-XYLENE				