46	2-METHYLPYRIDINE	2methylpyridine		
56	4-METHYL-2-PENTANONE	4methyl2pentanone		
59	ACETIC ACID	aceticacid		
61	ACETONITRILE	acetonitrile		
62	ACETOPHENONE	acetophenone		
63	ANILINE	aniline		
64	ANISOLE	anisole		
66	BENZENE	benzene		
67	BENZONITRILE	benzonitrile		
68	BENZYL ALCOHOL	benzylalcohol		
69	BROMOBENZENE	bromobenzene		
70	BROMOETHANE	bromoethane		
71	BROMOFORM	bromoform		
9	1-BROMOOCTANE	bromooctane		
12	1-BUTANOL	butanol		
74	BUTANONE	butanone		
76	BUTYL ETHANOATE	butylacetate		
78	N-BUTYLBENZENE	butylbenzene		
81	CARBON DISULFIDE	carbondisulfide		
82	CARBON TETRACHLORIDE	carbontet		
83	CHLOROBENZENE	chlorobenzene		
84	CHLOROFORM	chloroform		
13	1-CHLOROHEXANE	chlorohexane		
89	CYCLOHEXANE	cyclohexane		
90	CYCLOHEXANONE	cyclohexanone		
95	CIS-DECALIN	decalin		
96	N-DECANE	decane		
16	1-DECANOL	decanol		
97	DIBROMOMETHANE	dibromoethane		
98	DIBUTYLETHER	dibutylether		
5	"1,2-DICHLOROETHANE"	dichloroethane		
103	DIETHYL ETHER	diethylether		
107	DIISOPROPYL ETHER	diisopropylether		
110	"N,N-DIMETHYLACETAMIDE"	dimethylacetamide		
111	"N,N-DIMETHYLFORMAMIDE"	dimethylformamide		
35	"2,4-DIMETHYLPYRIDINE"	dimethylpyridine		
112	DIMETHYLSULFOXIDE	dimethylsulfoxide		
115	N-DODECANE	dodecane		
117	ETHANOL	ethanol		
120	ETHYL PHENYL ETHER	ethoxybenzene		
118	ETHYL ETHANOATE	ethylacetate		
121	ETHYLBENZENE	ethylbenzene		
122	FLUOROBENZENE	fluorobenzene		
17	1-FLUOROOCTANE	fluoroctane		
125	N-HEPTANE	heptane		
18	1-HEPTANOL	heptanol		
126	N-HEXADECANE	hexadecane		
23	1-IODOHEXADECANE	hexadecyliodide		
127	N-HEXANE	hexane		
19	1-HEXANOL	hexanol		
129	IODOBENZENE	iodobenzene		
44	2-METHYL-2-PROPANOL	isobutanol		
33	"2,2,4-TRIMETHYLPENTANE"	isooctane		
50	2-PROPANOL	isopropanol		
132	ISOPROPYLBENZENE	isopropylbenzene		
133	P-ISOPROPYLTOLUENE	isopropyltoluene		
87	M-CRESOL	mcresol		
134	MESITYLENE	mesitylene		
42	2-METHOXYETHANOL	methoxyethanol		
102	DICHLOROMETHANE	methylenechloride		
143	N-METHYLFORMAMIDE (E/Z MIXTURE)	methylformamide		
144	NITROBENZENE	nitrobenzene		
145	NITROETHANE	nitroethane		
146	NITROMETHANE	nitromethane		
148	N-NONANE	nonane		
27	1-NONANOL	nonanol		
149	N-OCTANE	octane		
28	1-OCTANOL	octanol		
99	O-DICHLOROBENZENE	odichlorobenzene		
147	O-NITROTOLUENE	onitrotoluene		
150	N-PENTADECANE	pentadecane		
152	N-PENTANE	pentane		
29	1-PENTANOL	pentanol		
156	PERFLUOROBENZENE	perfluorobenzene		
113	DIPHENYLETHER	phenylether		
31	1-PROPANOL	propanol		
162	PYRIDINE	pyridine		
38	2-BUTANOL	secbutanol		
79	SEC-BUTYLBENZENE	secbutylbenzene		
80	TERT-BUTYLBENZENE	tbutylbenzene		
163	TETRACHLOROETHENE	tetrachloroethene		
164	TETRAHYDROFURAN	tetrahydrofuran		
165	"TETRAHYDROTHIOPHENE-S,S-DIOXIDE"	tetrahydrothiophenedioxide		
166	TETRALIN	tetralin		
169	TOLUENE	toluene		
171	TRIBUTYLPHOSPHATE	tributylphosphate		
172	TRICHLOROETHENE	triethylamine		
3	"1,2,4-TRIMETHYLBENZENE"	trimethylbenzene		
174	N-UNDECANE	undecane		
175	WATER	water		
176	XYLENE (MIXTURE)	xylene		