		
1	"(\XB1)-1,2-PROPANEDIOL"	
2	(\XB1)-2-BUTANOL	secbutanol
3	"1,4-DIOXANE"	
4	"1,5-DIMETHYL-2-PYRROLIDINONE"	
5	1-CHLOROBUTANE	
6	1-ETHOXYBUTANE	
7	1-ETHOXYPROPANE	
8	1-ETHYL-2-PYRROLIDINONE	
9	1-HEXADECENE	
10	1-METHOXYBUTANE	
11	1-METHYL-2-PIPERIDINONE	
12	1-OCTANOL	octanol
13	1-PROPANOL	propanol
14	"2,2,4-TRIMETHYLPENTANE"	isooctane
15	2-BUTOXYETHANOL	
16	2-ETHOXYETHANOL	
17	2-ETHYLHEXANOL	
18	2-HEPTANOL	
19	2-HEPTANONE	
20	2-HEXANOL	
21	2-HEXANONE	
22	2-ISOPROPOXYETHANOL	
23	2-METHOXYPROPANE	
24	2-METHYLBUTAN-1-OL	
25	2-PENTANOL	
26	2-PICOLINE	
27	2-PROPOXYETHANOL	
28	3-HEXANOL	
29	3-HEXANONE	
30	3-METHYLBUTAN-1-OL	
31	3-PENTANONE	
32	4-FORMYLMORPHOLINE	
33	4-HEPTANOL	
34	4-METHYLPENTAN-2-OL	
35	4-METHYLPENTAN-2-ONE	4methyl2pentanone
36	4-OCTANOL	
37	"5,8,11,14-TETRAOXAOCTADECANE"	
38	ACETIC ACID	aceticacid
39	ACETONE	
40	ACETONITRILE	acetonitrile
41	ACETOPHENONE	acetophenone
42	ALLYL ALCOHOL	
43	ANISOLE	anisole
44	BENZONITRILE	benzonitrile
45	BENZYL ALCOHOL	benzylalcohol
46	BROMOBENZENE	bromobenzene
47	BROMOETHANE	bromoethane
48	BUTANONE	butanone
49	BUTYL ACETATE	butylacetate
50	BUTYROLACTONE	
51	BUTYRONITRILE	
52	CARBON DISULFIDE	carbondisulfide
53	CARBON TETRACHLORIDE	carbontet
54	CHLOROBENZENE	chlorobenzene
55	CHLOROFORM	chloroform
56	CYCLOHEXANONE	cyclohexanone
57	CYCLOOCTANE	
58	DECAN-1-OL	decanol
59	DECANE	decane
60	DIBENZYL ETHER	
61	DIBUTYL ETHER	dibutylether
62	DICHLOROETHANE	dichloroethane
63	DICHLOROMETHANE	methylenechloride
64	DIETHYL ETHER	diethylether
65	DIETHYLDIGLYCOL	
66	DIETHYLENE GLYCOL DIBUTYL ETHER	
67	DIIODOMETHANE	
68	DIISOPROPYL ETHER	diisopropylether
69	DIMETHYL SULFOXIDE	dimethylsulfoxide
70	DIMETHYLFORMAMIDE	dimethylformamide
71	DODECAN-1-OL	
72	DODECANE	dodecane
73	EPSILON-CAPROLACTONE	
74	ETBE	
75	ETHANOL	ethanol
76	ETHYL ACETATE	ethylacetate
77	ETHYL BUTANOATE	
78	ETHYL HEXANOATE	
79	ETHYL PHENYL ETHER	ethoxybenzene
80	ETHYLBENZENE	ethylbenzene
81	ETHYLBENZOATE	
82	ETHYLENE GLYCOL	
83	FLUOROBENZENE	fluorobenzene
84	FORMAMIDE	
85	HEPTAN-1-OL	heptanol
86	HEPTANE	heptane
87	HEPTYLACETAT	
88	HEXADECANE	hexadecane
89	HEXANE	hexane
90	HEXANOL	hexanol
91	HEXYL ACETATE	
92	IODOBENZENE	iodobenzene
93	ISOBUTANOL	isobutanol
94	ISOBUTYL ACETATE	
95	ISOPROPANOL	isopropanol
96	ISOPROPYL ACETATE	
97	M-CRESOL	mcresol
98	M-XYLENE	
99	METHANOL	
100	METHOXYETHANOL	methoxyethanol
101	METHOXYPROPANE	
102	METHYL ACETATE	
103	METHYL TERT-BUTYL ETHER	
104	METHYLCYCLOHEXANE	
105	"N,N-DIBUTYLFORMAMID"	
106	"N,N-DIETHYLACETAMIDE"	
107	"N,N-DIMETHYLACETAMIDE"	dimethylacetamide
108	N-BUTANOL	butanol
109	N-ETHYLACETAMIDE	
110	N-ETHYLFORMAMIDE	
111	N-METHYLACETAMIDE	
112	N-METHYLFORMAMIDE	methylformamide
113	N-METHYLPYRROLIDONE	
114	NITROBENZENE	nitrobenzene
115	NITROETHANE	nitroethane
116	NITROMETHANE	nitromethane
117	NONANE	nonane
118	NONANOL	nonanol
119	O-XYLENE	xylene
120	OCTANE	octane
121	P-XYLENE	
122	PENTAN-2-ONE	
123	PENTAN-3-OL	
124	PENTANE	pentane
125	PENTANOL	pentanol
126	PENTYL ACETATE	
127	PERFLUOROBENZENE	perfluorobenzene
128	PHENYLAMINE	aniline
129	PROPIONITRILE	
130	PROPYL ACETATE	
131	PROPYL ETHER	
132	PROPYLENE CARBONATE	
133	PYRIDINE	pyridine
134	SULFOLANE	
135	TERT-AMYL ALCOHOL	
136	TERT-AMYL METHYL ETHER	
137	TERT-BUTANOL	
138	TETRADECANE	
139	TETRAETHYLENE GLYCOL DIMETHYL ETHER	
140	TETRAHYDROFURAN	tetrahydrofuran
141	TETRAHYDROPYRAN	
142	TOLUENE	toluene
143	TRIBUTYL PHOSPHATE	tributylphosphate
144	TRIETHYLAMINE	triethylamine
145	UNDECANE	undecane
146	UNDECANOL	
147		2methylpyridine
148		benzene
149		bromoform
150		bromooctane
151		butylbenzene
152		chlorohexane
153		cyclohexane
154		decalin
155		dibromoethane
156		dimethylpyridine
157		fluoroctane
158		hexadecyliodide
159		isopropylbenzene
160		isopropyltoluene
161		mesitylene
162		odichlorobenzene
163		onitrotoluene
164		pentadecane
165		phenylether
166		secbutylbenzene
167		tbutylbenzene
168		tetrachloroethene
169		tetrahydrothiophenedioxide
170		tetralin
171		trimethylbenzene
