			
1	C_1#H_4#	methane	METHANE
2	C_2#H_6#	ethane	ETHANE
3	C_3#H_8#	n-propane	PROPANE
4	C_4#H_10#	2-methylpropane	ISOBUTANE
5	C_4#H_10#	n-butane	N-BUTANE
6	C_5#H_12#		ISOPENTANE
7	C_5#H_12#	n-pentane	PENTANE
8	C_5#H_12#	"2,2-dimethylpropane"	NEOPENTANE
9	C_6#H_14#	2-methylpentane	ISOHEXANE
10	C_6#H_14#		"2,3-DIMETHYLBUTANE"
11	C_6#H_14#		3-METHYLPENTANE
12	C_6#H_14#	n-hexane	HEXANE
13	C_6#H_14#		"2,2-DIMETHYLBUTANE"
14	C_7#H_16#		3-ETHYLPENTANE
15	C_7#H_16#		"2,2,3-TRIMETHYLBUTANE"
16	C_7#H_16#		UNII:8HPD5L8920
17	C_7#H_16#		"3,3-DIMETHYLPENTANE"
18	C_7#H_16#		ISOHEPTANE
19	C_7#H_16#	n-heptane	HEPTANE
20	C_7#H_16#	"2,4-dimethylpentane"	"2,4-DIMETHYLPENTANE"
21	C_7#H_16#		"2,2-DIMETHYLPENTANE"
22	C_7#H_16#		3-METHYLHEXANE
23	C_8#H_18#		3-METHYLHEPTANE
24	C_8#H_18#		"2,3,4-TRIMETHYLPENTANE"
25	C_8#H_18#	"2,2,4-trimethylpentane"	"2,2,4-TRIMETHYLPENTANE"
26	C_8#H_18#		"2,5-DIMETHYLHEXANE"
27	C_8#H_18#	n-octane	OCTANE
28	C_9#H_20#		"2,5-DIMETHYLHEPTANE"
29	C_9#H_20#		TETRAETHYLMETHANE
30	C_9#H_20#	n-nonane	NONANE
31	C_5#H_10#		3-METHYLBUT-1-ENE
32	C_5#H_10#	E-2-pentene	(2E)-PENT-2-ENE
33	C_5#H_10#	1-pentene	PENT-1-ENE
34	C_5#H_10#		2-METHYLBUT-2-ENE
35	C_5#H_10#		(2Z)-2-PENTENE
36	C_5#H_10#		2-METHYLBUT-1-ENE
37	C_5#H_10#	cyclopentane	CYCLOPENTANE
38	C_6#H_12#	cyclohexane	CYCLOHEXANE
39	C_6#H_12#		METHYLCYCLOPENTANE
40	C_6#H_12#		4-METHYLPENTENE
41	C_6#H_12#		(Z)-2-HEXENE
42	C_6#H_12#		(2E)-2-HEXENE
43	C_6#H_12#		2-METHYLPENT-2-EN
44	C_6#H_12#		2-METHYLPENT-1-EN
45	C_6#H_12#		NEOHEXENE
46	C_6#H_12#		HEX-3-ENE
47	C_6#H_12#	1-hexene	HEXENE
48	C_8#H_16#		"CIS-1,4-DIMETHYLCYCLOHEXANE"
49	C_8#H_16#		ETHYLCYCLOHEXANE
50	C_8#H_16#		"CIS-1,3-DIMETHYLCYCLOHEXANE"
51	C_8#H_16#		OCTENE
52	C_8#H_16#		"1,2-CIS-DIMETHYLCYCLOHEXANE"
53	C_8#H_16#		"TRANS-1,4-DIMETHYLCYCLOHEXANE"
54	C_8#H_16#		"2,2,4-TRIMETHYL-3-PENTENE"
55	C_8#H_16#		"2,4,4-TRIMETHYLPENT-1-ENE"
56	C_8#H_16#		"TRANS-1,3-DIMETHYLCYCLOHEXANE"
57	C_8#H_16#		CYCLOOCTANE
58	C_8#H_16#	"cis-1,2-dimethylcyclohexane"	"TRANS-1,2-DIMETHYLCYCLOHEXANE"
59	C_2#H_4#	ethene	ETHYLENE
60	C_3#H_6#	cyclopropane	CYCLOPROPANE
61	C_3#H_6#	propene	PROPENE
62	C_4#H_8#		(2E)-2-BUTENE
63	C_4#H_8#	1-butene	1-BUTENE
64	C_4#H_8#	2-methylpropene	ISOBUTENE
65	C_4#H_8#		(2Z)-2-BUTENE
66	C_4#H_6#	1-butyne	BUT-1-YNE
67	C_4#H_6#	"s-trans-1,3-butadiene"	BUTADIENE
68	C_2#H_2#	ethyne	ACETYLENE
69	C_1#F_4#	tetrafluoromethane	PERFLUOROMETHANE
70	C_2#Cl_1#H_5#	chloroethane	MONOCHLOROETHANE
71	C_1#Cl_2#H_2#	dichloromethane	DICHLOROMETHANE
72	C_1#Cl_3#H_1#	chloroform	CHLOROFORM
73	C_1#Cl_4#	carbontet	CARBON TETRACHLORIDE
74	C_2#Cl_2#H_2#	"E-1,2-dichloroethene"	"(E)-1,2-DICHLOROETHENE"
75	C_2#Cl_2#H_2#		"1,1-DICHLOROETHENE"
76	C_2#Cl_2#H_2#	"Z-1,2-dichloroethene"	"(Z)-1,2-DICHLOROETHENE"
77	C_1#H_3#I_1#	iodomethane	METHYL IODIDE
78	C_2#H_5#I_1#	iodoethane	ETHYL IODIDE
79	C_2#F_2#H_4#	"1,1-difluoroethane"	F 152A
80	C_2#H_6#O_1#	ethanol	ETHANOL
81	C_2#H_6#O_1#	dimethylether	DIMETHYL ETHER
82	C_4#H_10#O_1#	secbutanol	(\XB1)-2-BUTANOL
83	C_4#H_10#O_1#	1-butanol	N-BUTANOL
84	C_4#H_10#O_1#	methylpropylether	METHOXYPROPANE
85	C_4#H_10#O_1#	isobutanol	ISOBUTANOL
86	C_4#H_10#O_1#	t-butanol	TERT-BUTANOL
87	C_4#H_10#O_1#	methylisopropylether	2-METHOXYPROPANE
88	C_4#H_10#O_1#	diethylether	DIETHYL ETHER
89	C_6#H_14#O_1#		1-ETHOXYBUTANE
90	C_6#H_14#O_1#		4-METHYLPENTAN-2-OL
91	C_6#H_14#O_1#		3-METHYL-2-PENTANOL
92	C_6#H_14#O_1#		"3,3-DIMETHYL-1-BUTANOL"
93	C_6#H_14#O_1#		PROPYL ETHER
94	C_6#H_14#O_1#	1-hexanol	HEXANOL
95	C_6#H_14#O_1#		THEXYL ALCOHOL
96	C_6#H_14#O_1#		ISOHEXANOL
97	C_6#H_14#O_1#		TERT-AMYL METHYL ETHER
98	C_6#H_14#O_1#		3-HEXANOL
99	C_6#H_14#O_1#		2-HEXANOL
100	C_6#H_14#O_1#		2-METHYL-3-PENTANOL
101	C_6#H_14#O_1#		2-METHYLPENTANOL
102	C_6#H_14#O_1#	isopropylether	DIISOPROPYL ETHER
103	C_6#H_14#O_1#		3-ETHYLBUTANOL
104	C_6#H_14#O_1#		2-METHYL-2-PENTANOL
105	C_6#H_14#O_1#		ETBE
106	C_8#H_18#O_1#	dibutylether	DIBUTYL ETHER
107	C_8#H_18#O_1#		2-ETHYL-4-METHYL-1-PENTANOL
108	C_8#H_18#O_1#	1-octanol	1-OCTANOL
109	C_8#H_18#O_1#		2-ETHYLHEXANOL
110	C_8#H_18#O_1#		3-ETHYL-3-HEXANOL
111	C_8#H_18#O_1#		4-ETHYL-3-HEXANOL
112	C_8#H_18#O_1#		4-OCTANOL
113	C_8#H_18#O_1#		DIISOBUTYL ETHER
114	C_5#H_12#O_1#	t-butylmethylether	METHYL TERT-BUTYL ETHER
115	C_5#H_12#O_1#		1-METHOXYBUTANE
116	C_5#H_12#O_1#		1-ETHOXYPROPANE
117	C_5#H_12#O_1#		TERT-AMYL ALCOHOL
118	C_5#H_12#O_1#		2-METHYLBUTAN-1-OL
119	C_5#H_12#O_1#		3-METHYLBUTAN-1-OL
120	C_5#H_12#O_1#		2-PENTANOL
121	C_5#H_12#O_1#	1-pentanol	PENTANOL
122	C_4#H_8#O_1#		ISOBUTYRALDEHYDE
123	C_4#H_8#O_1#		ETHYL OXIRANE
124	C_4#H_8#O_1#	2-butanone	BUTANONE
125	C_4#H_8#O_1#	butanal	BUTYRALDEHYDE
126	C_4#H_8#O_1#	tetrahydrofuran	TETRAHYDROFURAN
127	C_4#H_8#O_2#	ethylacetate	ETHYL ACETATE
128	C_4#H_8#O_2#		ISOBUTYRIC ACID
129	C_4#H_8#O_2#		PROPYL FORMATE
130	C_4#H_8#O_2#		ISOPROPYLFORMATE
131	C_4#H_8#O_2#	methylpropanoate	METHYL PROPANOATE
132	C_4#H_8#O_2#	"1,4-dioxane"	"1,4-DIOXANE"
133	C_4#H_8#O_2#		1-METHOXYACETONE
134	C_4#H_8#O_2#	butanoicacid	BUTANOIC ACID
135	C_3#H_6#O_1#	acetone	ACETONE
136	C_3#H_6#O_1#	propanal	PROPIONALDEHYDE
137	C_3#H_6#O_1#	allylalcohol	ALLYL ALCOHOL
138	C_5#H_10#O_1#	2-pentanone	PENTAN-2-ONE
139	C_5#H_10#O_1#	pentanal	VALERALDEHYDE
140	C_5#H_10#O_1#	3-pentanone	3-PENTANONE
141	C_5#H_10#O_1#	tetrahydropyran	TETRAHYDROPYRAN
142	C_5#H_10#O_1#		3-METHYLBUTAN-2-ONE
143	C_5#H_10#O_1#	cyclopentanol	CYCLOPENTANOL
144	C_6#H_12#O_1#	2-hexanone	2-HEXANONE
145	C_6#H_12#O_1#		3-HEXANONE
146	C_6#H_12#O_1#	"3,3-dimethylbutanone"	PINACOLONE
147	C_6#H_12#O_1#		CYCLOHEXANOL
148	C_6#H_12#O_1#	4-methyl-2-pentanone	4-METHYLPENTAN-2-ONE
149	C_6#H_12#O_1#		HEXANAL
150	C_7#H_14#O_1#		5-METHYL-2-HEXANONE
151	C_7#H_14#O_1#		HEPTANAL
152	C_7#H_14#O_1#	4-heptanone	4-HEPTANONE
153	C_7#H_14#O_1#	2-heptanone	2-HEPTANONE
154	C_3#H_6#O_2#	propanoicacid	PROPIONIC ACID
155	C_3#H_6#O_2#	ethylformate	ETHYL FORMATE
156	C_3#H_6#O_2#	methylacetate	METHYL ACETATE
157	C_5#H_10#O_2#		ISOPROPYL ACETATE
158	C_5#H_10#O_2#		3-METHYLBUTANOIC ACID
159	C_5#H_10#O_2#		ISOBUTYL FORMATE
160	C_5#H_10#O_2#	methylbutanoate	METHYL BUTYRATE
161	C_5#H_10#O_2#	propylacetate	PROPYL ACETATE
162	C_5#H_10#O_2#		N-ETHYL PROPANOATE
163	C_5#H_10#O_2#	pentanoicacid	VALERIC ACID
164	C_6#H_12#O_2#	hexanoicacid	1-HEXANOIC ACID
165	C_6#H_12#O_2#		PROPYL PROPANOATE
166	C_6#H_12#O_2#		2-METHYLPENTANOIC ACID
167	C_6#H_12#O_2#	methylpentanoate	METHYL VALERATE
168	C_6#H_12#O_2#		ISOBUTYL ACETATE
169	C_6#H_12#O_2#		ISOPROPYL PROPANOATE
170	C_6#H_12#O_2#		ETHYL BUTANOATE
171	C_6#H_12#O_2#	butylacetate	BUTYL ACETATE
172	C_6#H_12#O_2#		ISOAMYL FORMATE
173	C_7#H_14#O_2#		PROPYL BUTYRATE
174	C_7#H_14#O_2#		ISOAMYL ACETATE
175	C_7#H_14#O_2#	methylhexanoate	METHYL HEXOATE
176	C_7#H_14#O_2#	pentylacetate	PENTYL ACETATE
177	C_7#H_14#O_2#		N-HEPTANOIC ACID
178	C_2#H_3#N_1#	acetonitrile	ACETONITRILE
179	C_3#H_5#N_1#	propionitrile	PROPIONITRILE
180	C_4#H_7#N_1#		ISOPROPYL CYANIDE
181	C_4#H_7#N_1#	butanonitrile	BUTYRONITRILE
182	H_3#N_1#	ammonia	AMMONIA
183	C_2#H_7#N_1#	ethylamine	ETHYLAMINE
184	C_2#H_7#N_1#	dimethylamine	DIMETHYLAMINE
185	C_4#H_11#N_1#	diethylamine	DIETHYLAMINE
186	C_4#H_11#N_1#		TERT-BUTYLAMINE
187	C_4#H_11#N_1#		(.+/-.)-SEC-BUTYLAMINE
188	C_4#H_11#N_1#	butylamine	N-BUTYLAMINE
189	C_6#H_15#N_1#	dipropylamine	DIPROPYLAMINE
190	C_6#H_15#N_1#	triethylamine	TRIETHYLAMINE
191	C_6#H_15#N_1#		HEXYLAMINE
192	C_6#H_15#N_1#		DIISOPROPYLAMINE
193	C_1#H_3#N_1#O_2#	nitromethane	NITROMETHANE
194	H_2#O_1#	water	WATER
195	C_1#H_4#O_1#	methanol	METHANOL
196	C_3#H_8#O_1#	isopropanol	ISOPROPANOL
197	C_3#H_8#O_1#	1-propanol	1-PROPANOL
198	C_7#H_16#O_1#	1-heptanol	HEPTAN-1-OL
199	C_7#H_16#O_1#		3-METHYL-3-HEXANOL
200	C_7#H_16#O_1#		5-METHYL-2-HEXANOL
201	C_7#H_16#O_1#		2-METHYL-2-HEXANOL
202	C_7#H_16#O_1#		2-HEPTANOL
203	C_7#H_16#O_1#		"2,3-DIMETHYL-3-PENTANOL"
204	C_7#H_16#O_1#		3-METHYL-2-HEXANOL
205	C_7#H_16#O_1#		ISOPROPYL T-BUTYL ETHER
206	C_7#H_16#O_1#		3-ETHYL-3-PENTANOL
207	C_7#H_16#O_1#		4-HEPTANOL
208	C_7#H_16#O_1#		2-METHYL-3-HEXANOL
209	C_7#H_16#O_1#		"4,4-DIMETHYL-2-PENTANOL"
210	C_7#H_16#O_1#		"2,2-DIMETHYL-3-PENTANOL"
211	C_9#H_20#O_1#	1-nonanol	NONANOL
212	C_2#F_3#H_3#O_1#	"2,2,2-trifluoroethanol"	"2,2,2-TRIFLUOROETHANOL"
213	C_3#F_6#H_2#O_1#	"1,1,1,3,3,3-hexafluoropropan-2-ol"	HEXAFLUOROISOPROPANOL
214	C_2#H_6#S_1#	dimethylsulfide	DIMETHYL SULFIDE
215	C_2#H_6#S_1#	ethanethiol	ETHANETHIOL
216	C_6#H_6#	benzene	BENZENE
217	C_7#H_8#	toluene	TOLUENE
218	C_8#H_10#	p-xylene	P-XYLENE
219	C_8#H_10#	o-xylene	O-XYLENE
220	C_8#H_10#	m-xylene	M-XYLENE
221	C_8#H_10#	ethylbenzene	ETHYLBENZENE
222	C_9#H_12#	mesitylene	MESITYLENE
223	C_9#H_12#	isopropylbenzene	CUMENE
224	C_9#H_12#	trimethylbenzene	
225	C_9#H_12#		N-PROPYLBENZENE
226	C_10#H_14#		"1,4-DIETHYLBENZENE"
227	C_10#H_14#		P-CYMENE
228	C_10#H_14#	butylbenzene	BUTYLBENZENE
229	C_10#H_14#	tbutylbenzene	T-BUTYLBENZENE
230	C_6#Cl_1#H_5#	chlorobenzene	CHLOROBENZENE
231	C_10#H_22#	n-decane	DECANE
232	C_16#H_34#	n-hexadecane	HEXADECANE
233	Br_1#C_2#H_5#	bromoethane	BROMOETHANE
234	C_3#H_7#I_1#	2-iodopropane	2-IODOPROPANE
235	C_3#H_7#I_1#	1-iodopropane	1-IODOPROPANE
236	C_3#H_9#N_1#		2-AMINOPROPANE
237	C_3#H_9#N_1#	trimethylamine	TRIMETHYLAMINE
238	C_3#H_9#N_1#	propylamine	PROPYLAMINE
239	C_1#S_2#	carbondisulfide	CARBON DISULFIDE
240	C_5#H_5#N_1#	pyridine	PYRIDINE
241	C_3#H_7#N_1#O_1#	"N,N-dimethylformamide"	DIMETHYLFORMAMIDE
242	C_3#H_7#N_1#O_1#		PROPIONAMIDE
243	C_3#H_7#N_1#O_1#	Z-N-methylacetamide	N-METHYLACETAMIDE
244	C_3#H_7#N_1#O_1#	E-N-methylacetamide	N-METHYLACETAMIDE
245	C_7#H_14#		(Z)-2-HEPTENE
246	C_7#H_14#		2-METHYL-1-HEXENE
247	C_7#H_14#		HEPT-1-ENE
248	C_7#H_14#	methylcyclohexane	METHYLCYCLOHEXANE
249	C_7#H_14#		CYCLOHEPTANE
250	C_7#H_14#		(E)-2-HEPTENE
251	C_7#H_14#		"4,4-DIMETHYLPENT-1-EN"
252	C_7#H_14#		(Z)-3-HEPTENE
253	C_7#H_14#		HEPT-3-ENE
254	C_7#H_14#		5-METHYL-1-HEXENE
255	C_1#F_1#H_3#	fluoromethane	FLUROMETHANE
256	C_4#Cl_1#H_9#		TERT-BUTYL CHLORIDE
257	C_4#Cl_1#H_9#		1-CHLOROBUTANE
258	C_4#Cl_1#H_9#		1-CHLORO-2-METHYLPROPANE
259	C_4#Cl_1#H_9#	2-chlorobutane	2-CHLOROBUTANE
260	Br_1#C_4#H_9#	1-bromobutane	1-BROMOBUTANE
261	Br_1#C_4#H_9#		2-BROMOBUTANE
262	Br_1#C_4#H_9#	1-bromo-isobutane	1-BROMO-2-METHYLPROPANE
263	Br_1#C_4#H_9#		TERT-BUTYL BROMIDE
264	C_10#H_22#O_1#		DIPENTYL ETHER
265	C_10#H_22#O_1#	1-decanol	DECAN-1-OL
266	C_7#Cl_1#H_7#		BENZYL CHLORIDE
267	C_7#Cl_1#H_7#		3-CHLOROTOLUENE
268	C_7#Cl_1#H_7#	o-chlorotoluene	2-CHLOROTOLUENE
269	C_7#Cl_1#H_7#	chlorotoluene	4-CHLOROTOLUENE
270	Br_1#C_7#H_7#		3-BROMOTOLUENE
271	Br_1#C_7#H_7#		BENZYL BROMIDE
272	Br_1#C_7#H_7#	p-bromotoluene	4-BROMOTOLUENE
273	Br_1#C_7#H_7#	bromotoluene	2-BROMOTOLUENE
274	C_6#H_7#N_1#	2-methylpyridine	2-PICOLINE
275	C_6#H_7#N_1#	3-methylpyridine	3-MEPY
276	C_6#H_7#N_1#	4-methylpyridine	4-PICOLINE
277	C_6#H_7#N_1#	aniline	PHENYLAMINE
278	C_4#H_4#S_1#	thiophene	THIOPHENE
279	C_5#H_8#	cyclopentene	CYCLOPENTENE
280	C_5#H_8#		"1,4-PENTADIENE"
281	C_5#H_8#		TRANS-PIPERYLENE
282	C_5#H_8#		CIS-PIPERYLENE
283	C_5#H_8#		ISOPRENE
284	C_5#H_8#	1-pentyne	PENT-1-YNE
285	C_2#Cl_2#H_4#		"1,1-DICHLOROETHANE"
286	C_2#Cl_2#H_4#	dichloroethane	DICHLOROETHANE
287	C_3#Cl_1#H_7#	2-chloropropane	ISOPROPYL CHLORIDE
288	C_3#Cl_1#H_7#	1-chloropropane	1-CHLOROPROPANE
289	C_1#H_5#N_1#	methylamine	METHYLAMINE
290	C_2#H_4#O_2#	aceticacid	ACETIC ACID
291	C_2#H_4#O_2#	methylformate	METHYL FORMATE
292	C_6#F_6#	perfluorobenzene	PERFLUOROBENZENE
293	C_2#Cl_3#H_3#	"1,1,1-trichloroethane"	"1,1,1-TRICHLOROETHANE"
294	C_2#Cl_3#H_3#	"1,1,2-trichloroethane"	"1,1,2-TRICHLOROETHANE"
295	C_6#H_10#		METHYLPENTADIENE
296	C_6#H_10#		DIMETHYLBUTADIENE
297	C_6#H_10#		"(4E)-1,4-HEXADIENE"
298	C_6#H_10#		HEXADIENE
299	C_6#H_10#		CYCLOHEXENE
300	C_6#H_10#		"1,5-HEXADIENE"
301	C_6#H_10#	1-hexyne	HEX-1-YNE
302	C_1#Cl_1#H_3#	chloromethane	CHLOROMETHANE
303	C_2#Cl_6#	hexachloroethane	HEXACHLOROETHANE
304	C_2#Cl_3#H_1#	trichloroethene	TRICHLOROETHYLENE
305	C_2#Cl_4#	tetrachloroethene	TETRACHLOROETHYLENE
306	Br_2#C_1#H_2#	dibromomethane	DIBROMOMETHANE
307	C_5#H_8#O_1#	cyclopentanone	CYCLOPENTANONE
308	C_2#H_5#N_1#O_2#	nitroethane	NITROETHANE
309	C_3#H_7#N_1#O_2#	2-nitropropane	2-NITROPROPANE
310	C_3#H_7#N_1#O_2#	1-nitropropane	1-NITROPROPANE
311	C_3#H_7#N_1#O_2#		ETHYL CARBAMATE
312	C_2#H_6#O_1#S_1#	dimethylsulfoxide	DIMETHYL SULFOXIDE
313	C_7#H_8#O_1#	benzylalcohol	BENZYL ALCOHOL
314	C_7#H_8#O_1#	anisole	ANISOLE
315	C_7#H_8#O_1#	m-cresol	M-CRESOL
316	C_7#H_8#O_1#	p-cresol	P-CRESOL
317	C_7#H_8#O_1#	o-cresol	2-METHYLPHENOL
318	C_7#H_5#N_1#	benzonitrile	BENZONITRILE
319	C_5#H_11#N_1#		METHYLPYRROLIDINE
320	C_5#H_11#N_1#		CYCLOPENTYLAMINE
321	C_5#H_11#N_1#	piperidine	PIPERIDINE
322	C_4#H_9#N_1#	pyrrolidine	PYRROLIDINE
323	C_6#Cl_2#H_4#	"1,2-dichlorobenzene"	"1,2-DICHLOROBENZENE"
324	C_6#Cl_2#H_4#	"1,4-dichlorobenzene"	"1,4-DICHLOROBENZENE"
325	C_6#Cl_2#H_4#		"1,3-DICHLOROBENZENE"
326	C_6#F_1#H_5#	fluorobenzene	FLUOROBENZENE
327	Br_1#C_6#H_5#	bromobenzene	BROMOBENZENE
328	C_6#H_5#N_1#O_2#	nitrobenzene	NITROBENZENE
329	C_10#H_8#	naphthalene	NAPHTHALENE
330	C_3#H_8#O_2#	dimethoxymethane	DIMETHOXYMETHANE
331	C_3#H_8#O_2#	2-methoxyethanol	METHOXYETHANOL
332	C_3#H_8#O_2#		"(\XB1)-1,2-PROPANEDIOL"
333	C_3#H_8#O_2#		"1,3-PROPANEDIOL"
334	C_2#H_4#O_1#	acetaldehyde	ETHANAL
335	C_2#H_4#O_1#		ETHYLENE OXIDE
336	C_12#H_26#	n-dodecane	DODECANE
337	C_12#H_26#	n-undecane	
338	C_5#Cl_1#H_11#	1-chloropentane	1-CHLOROPENTANE
339	C_5#Cl_1#H_11#	2-chloropentane	
340	C_6#H_10#O_1#	cyclohexanone	CYCLOHEXANONE
341	C_4#H_9#N_1#O_2#	1-nitrobutane	1-NITROBUTANE
342	C_4#H_10#O_2#		ETHOXYETHANOL
343	C_4#H_10#O_2#	"1,2-dimethoxyethane"	DIMETHOXYETHANE
344	C_4#H_10#O_2#		2-ETHOXYETHANOL
345	C_7#H_6#O_1#	benzaldehyde	BENZALDEHYDE
346	C_8#H_8#O_1#		PHENYLACETALDEHYDE
347	C_8#H_8#O_1#	acetophenone	ACETOPHENONE
348	C_7#H_9#N_1#	4-ethylpyridine	4-ETHYLPYRIDINE
349	C_7#H_9#N_1#		ETHYLPYRIDINE
350	C_7#H_9#N_1#	3-methylaniline	
351	C_7#H_9#N_1#		BENZYLAMINE
352	C_7#H_9#N_1#		3-ETHYLPYRIDINE
353	C_7#H_9#N_1#	N-methylaniline	N-METHYLANILINE
354	C_7#H_9#N_1#	"3,4-dimethylpyridine"	"3,4-DIMETHYLPYRIDINE"
355	C_7#H_9#N_1#	4-methylaniline	P-TOLUIDINE
356	C_7#H_9#N_1#	"3,5-dimethylpyridine"	"3,5-DIMETHYLPYRIDINE"
357	C_7#H_9#N_1#	"2,6-dimethylpyridine"	"2,6-LUTIDINE"
358	C_7#H_9#N_1#	2-methylaniline	O-TOLUIDINE
359	C_7#H_9#N_1#	"2,5-dimethylpyridine"	"2,5-LUTIDINE"
360	C_7#H_9#N_1#	"2,4-dimethylpyridine"	"2,4-LUTIDINE"
361	C_2#F_1#H_5#	fluoroethane	FLUOROETHANE
362	C_1#Cl_2#F_2#	difluorodichloromethane	DICHLORODIFLUOROMETHANE
363	C_8#H_16#O_1#	octanal	OCTANAL
364	C_8#H_16#O_1#		2-METHYL-6-HEPTANONE
365	C_8#H_16#O_1#	2-octanone	2-OCTANONE
366	C_5#H_13#N_1#	pentylamine	1-PENTYLAMINE
367	C_6#Cl_6#	hexachlorobenzene	HEXACHLOROBENZENE
368	C_6#H_5#I_1#	iodobenzene	IODOBENZENE
369	C_2#Cl_4#H_2#	"1,1,1,2-tetrachloroethane"	"1,1,2,2-TETRACHLOROETHANE"
370	C_2#Cl_4#H_2#		TETRACHLOROETHANE
371	Br_3#C_1#H_1#	bromoform	BROMOFORM
372	C_4#Cl_2#H_8#O_1#	bis(2-chloroethyl)ether	BIS(CHLOROETHYL) ETHER
373	C_6#H_14#O_2#	"1,2-diethoxyethane"	
374	C_6#H_14#O_2#		2-BUTOXYETHANOL
375	C_6#H_14#O_2#	"1,1-diethoxyethane"	"1,1-DIETHOXYETHANE"
376	C_3#H_9#O_4#P_1#	trimethylphosphate	TRIMETHYL PHOSPHATE
377	C_6#H_15#O_4#P_1#	triethylphosphate	TRIETHYLPHOSPHATE
378	C_9#H_21#O_4#P_1#	tripropylphosphate	PROPYL PHOSPHATE
379	C_3#H_4#	propyne	PROPYNE
380	C_4#H_4#	butenyne	VINYLACETYLENE
381	C_3#H_8#S_1#	1-propanethiol	1-PROPANETHIOL
382	C_9#H_7#N_1#		ISOQUINOLINE
383	C_9#H_7#N_1#	quinoline	LEUCOLINE
384	C_8#H_8#O_2#		PICEOL
385	C_8#H_8#O_2#		PHENYL ACETATE
386	C_8#H_8#O_2#	methylbenzoate	METHYLBENZOATE
387	C_8#H_8#O_2#		2-METHOXYBENZALDEHYDE
388	C_4#H_6#O_2#	g-butyrolactone	BUTYROLACTONE
389	C_4#H_6#O_2#		VINYL ACETATE
390	C_4#H_6#O_2#		METHACRYLIC ACID
391	C_4#H_6#O_2#		BIACETYL
392	C_4#H_6#O_2#		METHYL ACRYLATE
393	C_9#H_18#O_1#		7-METHYL-2-OCTANONE
394	C_9#H_18#O_1#	5-nonanone	5-NONANONE
395	C_9#H_18#O_1#		2-NONANONE
396	C_9#H_18#O_1#		NONANAL
397	C_1#H_2#O_1#	formaldehyde	FORMALDEHYDE
398	C_8#H_10#O_1#		"2,5-DIMETHYLPHENOL"
399	C_8#H_10#O_1#		"2,4-XYLENOL"
400	C_8#H_10#O_1#	ethylphenylether	ETHYL PHENYL ETHER
401	C_8#H_10#O_1#		"3,5-DIMETHYLPHENOL"
402	C_8#H_10#O_1#		3-ETHYLPHENOL
403	C_8#H_10#O_1#		4-ETHYLPHENOL
404	C_8#H_10#O_1#		PHENYLETHYL ALCOHOL
405	C_8#H_10#O_1#		2-ETHYLPHENOL
406	C_6#H_6#O_1#	phenol	PHENOL
407	C_8#H_11#N_1#	N-ethylaniline	
408	C_8#H_11#N_1#		4-ETHYLANILINE
409	C_8#H_11#N_1#	"N,N-dimethylaniline"	"N,N-DIMETHYLANILINE"
410	C_8#H_11#N_1#		"2,4-XYLIDINE"
411	C_7#H_7#N_1#O_2#		4-NITROTOLUENE
412	C_7#H_7#N_1#O_2#	2-methyl-1-nitrobenzene	2-NITROTOLUENE
413	C_7#H_7#N_1#O_2#		3-NITROTOLUENE
414	Br_1#C_3#H_7#	2-bromopropane	2-BROMOPROPANE
415	Br_1#C_3#H_7#	1-bromopropane	1-BROMOPROPANE
416	Br_1#C_5#H_11#	1-bromopentane	BROMOPENTANE
417	C_4#H_9#I_1#	1-iodobutane	BUTYL IODIDE
418	C_5#H_11#I_1#	1-iodopentane	1-IODOPENTANE
419	C_1#H_2#I_2#	diiodomethane	DIIODOMETHANE
420	C_2#Cl_3#F_3#	"1,1,2-trichloro-1,2,2-trifluoroethane"	"1,1,2-TRICHLORO-1,2,2-TRIFLUOROETHANE"
421	Br_1#C_2#F_4#H_1#	"1-bromo-1,2,2,2-tetrafluoroethane"	TEFLURANE
422	Br_1#C_2#Cl_1#F_3#H_1#	"1-bromo-1-chloro-2,2,2-trifluoroethane"	HALOTHANE
423	C_3#Cl_1#F_5#H_2#O_1#	"1-chloro-2,2,2-trifluoroethyldifluoromethylether"	ISOFLURANE
424	C_3#Cl_1#F_5#H_2#O_1#		ENFLURANE
425	C_3#Cl_2#F_2#H_4#O_1#		METHOXYFLURANE
426	C_3#Cl_2#F_2#H_4#O_1#	"1,1-dichloro-2,2-difluoroethylmethylether"	
427	C_4#F_3#H_5#O_1#	"2,2,2-trifluorethylvinylether"	FLUROXENE
428	C_3#Cl_1#H_5#	3-chloropropene	ALLYL CHLORIDE
429	Br_1#C_3#H_5#	3-bromopropene	ALLYL BROMIDE
430	C_3#H_5#I_1#	3-iodopropene	ALLYL IODIDE
431	C_4#H_10#S_1#		BUTANETHIOL
432	C_4#H_10#S_1#	diethylsulfide	DIETHYL SULFIDE
433	C_6#H_14#S_1#		"2,2'-THIODIPROPANE"
434	C_6#H_14#S_1#	dipropylsulfide	PROPYL SULFIDE
435	C_2#H_6#S_2#	dimethyldisulfide	DIMETHYL DISULFIDE
436	C_4#H_10#S_2#	diethyldisulfide	DIETHYL DISULFIDE
437	C_6#H_6#S_1#	thiophenol	THIOPHENOL
438	C_7#H_6#O_2#	p-hydroxybenzaldehyde	
439	C_7#H_6#O_2#		SALICYLALDEHYDE
440	C_7#H_6#O_2#		BENZOIC ACID
441	C_7#H_6#O_2#	phenylformate	
442	C_7#H_6#O_2#	m-hydroxybenzaldehyde	
443	C_4#H_9#N_1#O_1#	"N,N-dimethylacetamide"	"N,N-DIMETHYLACETAMIDE"
444	C_4#H_9#N_1#O_1#	morpholine	MORPHOLINE
445	C_1#Cl_3#F_1#	fluorotrichloromethane	FLUOROTRICHLOROMETHANE
446	C_2#H_5#N_1#O_1#	acetamide	ACETAMIDE
447	C_2#H_5#N_1#O_1#	N-methylformamide	N-METHYLFORMAMIDE
448	C_9#H_18#O_2#	methyloctanoate	
449	C_9#H_18#O_2#		HEPTYLACETAT
450	C_6#H_6#N_2#O_2#		2-NITROANILINE
451	C_6#H_6#N_2#O_2#	4-nitroaniline	4-NITROANILINE
452	C_6#H_6#N_2#O_2#		3-NITROANILINE
453	Br_1#C_6#H_5#O_1#		2-BROMOPHENOL
454	Br_1#C_6#H_5#O_1#	p-bromophenol	4-BROMOPHENOL
455	C_4#H_5#N_1#	pyrrole	PYRROLE
456	C_8#H_9#N_1#O_2#	paracetamol	PARACETAMOL
457	C_8#H_9#N_1#O_2#	N-(2-hydroxyphenyl)acetamide	
458	C_8#H_9#N_1#O_2#	N-(3-hydroxyphenyl)acetamide	
459	C_14#H_10#		PHENANTHRENE
460	C_14#H_10#	anthracene	ANTHRACENE
461	C_7#H_7#N_1#O_1#	benzamide	BENZAMIDE
462	C_8#H_8#O_3#	3-methoxybenzoicacid	
463	C_8#H_8#O_3#	methylparaben	
464	C_8#H_8#O_3#		METHYL SALICYLATE
465	C_8#H_8#O_3#	4-methoxybenzoicacid	
466	C_8#H_8#O_3#	2-methoxybenzoicacid	
467	C_9#H_10#O_3#	ethylparaben	
468	C_9#H_10#O_3#		ETHYL SALICYLATE
469	C_10#H_12#O_3#	propylparaben	
470	C_10#H_12#O_3#		PROPYL SALICYLATE
471	C_11#H_14#O_3#	butylparaben	
472	C_11#H_14#O_3#		N-BUTYL SALICYLATE
473	C_2#Cl_1#F_5#	chloropentaflouroethane	FLUOROCARBON 115
474	C_5#H_9#N_1#O_1#	N-methyl-2-pyrrolidinone	N-METHYLPYRROLIDONE
475	C_1#H_3#N_1#O_1#	formamide	FORMAMIDE